<annotation>
	<folder>Eksempelbilder_28.10.22_valideringsset</folder>
	<filename>IMG_20221028_135732.jpg</filename>
	<path>C:\Users\Administrator\Desktop\Eksempelbilder_28.10.22_valideringsset\IMG_20221028_135732.jpg</path>
	<source>
		<database>Unknown</database>
	</source>
	<size>
		<width>2736</width>
		<height>2736</height>
		<depth>3</depth>
	</size>
	<segmented>0</segmented>
	<object>
		<name>Svetlana_Class</name>
		<pose>Unspecified</pose>
		<truncated>0</truncated>
		<difficult>0</difficult>
		<bndbox>
			<xmin>970</xmin>
			<ymin>233</ymin>
			<xmax>2320</xmax>
			<ymax>624</ymax>
		</bndbox>
	</object>
	<object>
		<name>Swarm_Unit</name>
		<pose>Unspecified</pose>
		<truncated>1</truncated>
		<difficult>0</difficult>
		<bndbox>
			<xmin>1</xmin>
			<ymin>349</ymin>
			<xmax>802</xmax>
			<ymax>1236</ymax>
		</bndbox>
	</object>
</annotation>
