<annotation>
	<folder>Eksempelbilder_28.10.22_testset</folder>
	<filename>IMG_20221028_135703_1.jpg</filename>
	<path>C:\Users\Administrator\Desktop\Eksempelbilder_28.10.22_testset\IMG_20221028_135703_1.jpg</path>
	<source>
		<database>Unknown</database>
	</source>
	<size>
		<width>2736</width>
		<height>2736</height>
		<depth>3</depth>
	</size>
	<segmented>0</segmented>
	<object>
		<name>Svetlana_Class</name>
		<pose>Unspecified</pose>
		<truncated>0</truncated>
		<difficult>0</difficult>
		<bndbox>
			<xmin>948</xmin>
			<ymin>252</ymin>
			<xmax>2036</xmax>
			<ymax>652</ymax>
		</bndbox>
	</object>
</annotation>
