<annotation>
	<folder>Eksempelbilder_28.10.22_valideringsset</folder>
	<filename>IMG_20221028_135949.jpg</filename>
	<path>C:\Users\Administrator\Desktop\Eksempelbilder_28.10.22_valideringsset\IMG_20221028_135949.jpg</path>
	<source>
		<database>Unknown</database>
	</source>
	<size>
		<width>2736</width>
		<height>2736</height>
		<depth>3</depth>
	</size>
	<segmented>0</segmented>
	<object>
		<name>Svetlana_Class</name>
		<pose>Unspecified</pose>
		<truncated>0</truncated>
		<difficult>0</difficult>
		<bndbox>
			<xmin>639</xmin>
			<ymin>705</ymin>
			<xmax>1092</xmax>
			<ymax>840</ymax>
		</bndbox>
	</object>
</annotation>
