<annotation>
	<folder>Testbilder</folder>
	<filename>Testpicture_nr_98.jpg</filename>
	<path>C:\Users\Administrator\Desktop\Testbilder\Testbilder\Testpicture_nr_98.jpg</path>
	<source>
		<database>Unknown</database>
	</source>
	<size>
		<width>640</width>
		<height>480</height>
		<depth>3</depth>
	</size>
	<segmented>0</segmented>
	<object>
		<name>Svetlana_Class</name>
		<pose>Unspecified</pose>
		<truncated>0</truncated>
		<difficult>0</difficult>
		<bndbox>
			<xmin>124</xmin>
			<ymin>262</ymin>
			<xmax>384</xmax>
			<ymax>350</ymax>
		</bndbox>
	</object>
</annotation>
