<annotation>
	<folder>Testbilder</folder>
	<filename>Testpicture_nr_145.jpg</filename>
	<path>C:\Users\Administrator\Desktop\Testbilder\Testbilder\Testpicture_nr_145.jpg</path>
	<source>
		<database>Unknown</database>
	</source>
	<size>
		<width>640</width>
		<height>480</height>
		<depth>3</depth>
	</size>
	<segmented>0</segmented>
	<object>
		<name>Svetlana_Class</name>
		<pose>Unspecified</pose>
		<truncated>0</truncated>
		<difficult>0</difficult>
		<bndbox>
			<xmin>190</xmin>
			<ymin>256</ymin>
			<xmax>269</xmax>
			<ymax>304</ymax>
		</bndbox>
	</object>
</annotation>
