<annotation>
	<folder>Testbilder</folder>
	<filename>Testpicture_nr_160.jpg</filename>
	<path>C:\Users\Administrator\Desktop\Testbilder\Testbilder\Testpicture_nr_160.jpg</path>
	<source>
		<database>Unknown</database>
	</source>
	<size>
		<width>640</width>
		<height>480</height>
		<depth>3</depth>
	</size>
	<segmented>0</segmented>
	<object>
		<name>Svetlana_Class</name>
		<pose>Unspecified</pose>
		<truncated>1</truncated>
		<difficult>0</difficult>
		<bndbox>
			<xmin>430</xmin>
			<ymin>265</ymin>
			<xmax>640</xmax>
			<ymax>350</ymax>
		</bndbox>
	</object>
</annotation>
