<annotation>
	<folder>Eksempelbilder_28.10.22_treningsset</folder>
	<filename>IMG_20221028_135513.jpg</filename>
	<path>C:\Users\Administrator\Desktop\Eksempelbilder_28.10.22_treningsset\IMG_20221028_135513.jpg</path>
	<source>
		<database>Unknown</database>
	</source>
	<size>
		<width>2736</width>
		<height>2736</height>
		<depth>3</depth>
	</size>
	<segmented>0</segmented>
	<object>
		<name>Swarm_Unit</name>
		<pose>Unspecified</pose>
		<truncated>0</truncated>
		<difficult>0</difficult>
		<bndbox>
			<xmin>1445</xmin>
			<ymin>668</ymin>
			<xmax>2183</xmax>
			<ymax>1352</ymax>
		</bndbox>
	</object>
</annotation>
