<annotation>
	<folder>Eksempelbilder_28.10.22_treningsset</folder>
	<filename>IMG_20221028_135452.jpg</filename>
	<path>C:\Users\Administrator\Desktop\Eksempelbilder_28.10.22_treningsset\IMG_20221028_135452.jpg</path>
	<source>
		<database>Unknown</database>
	</source>
	<size>
		<width>2736</width>
		<height>2736</height>
		<depth>3</depth>
	</size>
	<segmented>0</segmented>
	<object>
		<name>Svetlana_Class</name>
		<pose>Unspecified</pose>
		<truncated>1</truncated>
		<difficult>0</difficult>
		<bndbox>
			<xmin>1352</xmin>
			<ymin>290</ymin>
			<xmax>2736</xmax>
			<ymax>824</ymax>
		</bndbox>
	</object>
	<object>
		<name>Swarm_Unit</name>
		<pose>Unspecified</pose>
		<truncated>1</truncated>
		<difficult>0</difficult>
		<bndbox>
			<xmin>1</xmin>
			<ymin>602</ymin>
			<xmax>1423</xmax>
			<ymax>1165</ymax>
		</bndbox>
	</object>
</annotation>
