<annotation>
	<folder>Eksempelbilder_28.10.22_treningsset</folder>
	<filename>IMG_20221028_135016.jpg</filename>
	<path>C:\Users\Administrator\Desktop\Eksempelbilder_28.10.22_treningsset\IMG_20221028_135016.jpg</path>
	<source>
		<database>Unknown</database>
	</source>
	<size>
		<width>2736</width>
		<height>2736</height>
		<depth>3</depth>
	</size>
	<segmented>0</segmented>
	<object>
		<name>Svetlana_Class</name>
		<pose>Unspecified</pose>
		<truncated>0</truncated>
		<difficult>0</difficult>
		<bndbox>
			<xmin>2</xmin>
			<ymin>827</ymin>
			<xmax>1152</xmax>
			<ymax>1152</ymax>
		</bndbox>
	</object>
	<object>
		<name>Swarm_Unit</name>
		<pose>Unspecified</pose>
		<truncated>0</truncated>
		<difficult>0</difficult>
		<bndbox>
			<xmin>1323</xmin>
			<ymin>890</ymin>
			<xmax>2539</xmax>
			<ymax>1249</ymax>
		</bndbox>
	</object>
</annotation>
