<annotation>
	<folder>Eksempelbilder_28.10.22_treningsset</folder>
	<filename>IMG_20221028_135019.jpg</filename>
	<path>C:\Users\Administrator\Desktop\Eksempelbilder_28.10.22_treningsset\IMG_20221028_135019.jpg</path>
	<source>
		<database>Unknown</database>
	</source>
	<size>
		<width>2736</width>
		<height>2736</height>
		<depth>3</depth>
	</size>
	<segmented>0</segmented>
	<object>
		<name>Swarm_Unit</name>
		<pose>Unspecified</pose>
		<truncated>1</truncated>
		<difficult>0</difficult>
		<bndbox>
			<xmin>1498</xmin>
			<ymin>905</ymin>
			<xmax>2736</xmax>
			<ymax>1246</ymax>
		</bndbox>
	</object>
	<object>
		<name>Svetlana_Class</name>
		<pose>Unspecified</pose>
		<truncated>0</truncated>
		<difficult>0</difficult>
		<bndbox>
			<xmin>198</xmin>
			<ymin>855</ymin>
			<xmax>1420</xmax>
			<ymax>1180</ymax>
		</bndbox>
	</object>
</annotation>
