<annotation>
	<folder>Eksempelbilder_28.10.22_treningsset</folder>
	<filename>IMG_20221028_135020.jpg</filename>
	<path>C:\Users\Administrator\Desktop\Eksempelbilder_28.10.22_treningsset\IMG_20221028_135020.jpg</path>
	<source>
		<database>Unknown</database>
	</source>
	<size>
		<width>2736</width>
		<height>2736</height>
		<depth>3</depth>
	</size>
	<segmented>0</segmented>
	<object>
		<name>Svetlana_Class</name>
		<pose>Unspecified</pose>
		<truncated>0</truncated>
		<difficult>0</difficult>
		<bndbox>
			<xmin>111</xmin>
			<ymin>905</ymin>
			<xmax>1336</xmax>
			<ymax>1224</ymax>
		</bndbox>
	</object>
	<object>
		<name>Swarm_Unit</name>
		<pose>Unspecified</pose>
		<truncated>0</truncated>
		<difficult>0</difficult>
		<bndbox>
			<xmin>1411</xmin>
			<ymin>965</ymin>
			<xmax>2670</xmax>
			<ymax>1283</ymax>
		</bndbox>
	</object>
</annotation>
