<annotation>
	<folder>Treningsbilder</folder>
	<filename>Testpicture_nr_201.jpg</filename>
	<path>C:\Users\Administrator\Desktop\Treningsbilder\Treningsbilder\Testpicture_nr_201.jpg</path>
	<source>
		<database>Unknown</database>
	</source>
	<size>
		<width>640</width>
		<height>480</height>
		<depth>3</depth>
	</size>
	<segmented>0</segmented>
	<object>
		<name>Svetlana_Class</name>
		<pose>Unspecified</pose>
		<truncated>0</truncated>
		<difficult>0</difficult>
		<bndbox>
			<xmin>396</xmin>
			<ymin>261</ymin>
			<xmax>467</xmax>
			<ymax>301</ymax>
		</bndbox>
	</object>
</annotation>
